{"cameraMode":{"drawMode":0,"name":"Shaded","section":"Shading Mode"},"sceneLighting":true,"audioPlay":false,"sceneViewState":{"showFog":true,"showMaterialUpdate":false,"showSkybox":true,"showFlares":true,"showImageEffects":true,"showParticleSystems":true},"in2DMode":false,"pivot":{"x":2.431581497192383,"y":1.2535903453826905,"z":-4.7975335121154789},"rotation":{"x":0.23806226253509522,"y":0.7390086650848389,"z":-0.3263237476348877,"w":0.5391710996627808},"size":1.6360125541687012,"orthographic":false}