{"cameraMode":{"drawMode":0,"name":"Shaded","section":"Shading Mode"},"sceneLighting":true,"audioPlay":false,"sceneViewState":{"showFog":true,"showMaterialUpdate":false,"showSkybox":true,"showFlares":true,"showImageEffects":true,"showParticleSystems":true},"in2DMode":false,"pivot":{"x":1.4655250310897828,"y":1.4141089916229249,"z":0.16024938225746156},"rotation":{"x":0.12444436550140381,"y":0.11167016625404358,"z":-0.01409741211682558,"w":0.9858218431472778},"size":2.629173517227173,"orthographic":false}